{
  "model": "TowerInstruct-7B",
  "model_file": "/home/fuxa/TowerInstruct-7B-v0.2.Q8_0.gguf",
  "language_pair": "en-zh",
  "num_layers": 32,
  "num_heads": 32,
  "num_sentences": 100,
  "total_alignable_tokens": 1982,
  "ts_threshold": 0.1,
  "ts_matrix": [
    [
      0.008577194752774974,
      0.03834510595358224,
      0.004540867810292634,
      0.0,
      0.030272452068617558,
      0.03632694248234107,
      0.0,
      0.0005045408678102926,
      0.03733602421796166,
      0.037840565085771945,
      0.004540867810292634,
      0.01564076690211907,
      0.0,
      0.0,
      0.0005045408678102926,
      0.0,
      0.0035317860746720484,
      0.04944500504540868,
      0.0,
      0.0,
      0.02472250252270434,
      0.016145307769929364,
      0.019677093844601413,
      0.0,
      0.008072653884964682,
      0.0,
      0.039354187689202826,
      0.037840565085771945,
      0.027245206861755803,
      0.0005045408678102926,
      0.020686175580221997,
      0.013118062563067608
    ],
    [
      0.0,
      0.0,
      0.0,
      0.0005045408678102926,
      0.0010090817356205853,
      0.0,
      0.0005045408678102926,
      0.006054490413723511,
      0.0015136226034308778,
      0.004540867810292634,
      0.012613521695257316,
      0.0,
      0.0,
      0.0,
      0.0015136226034308778,
      0.0025227043390514633,
      0.0010090817356205853,
      0.005549949545913219,
      0.052976791120080725,
      0.0020181634712411706,
      0.035317860746720484,
      0.0,
      0.0,
      0.013622603430877902,
      0.0005045408678102926,
      0.015136226034308779,
      0.027245206861755803,
      0.0075681130171543895,
      0.012613521695257316,
      0.0005045408678102926,
      0.0005045408678102926,
      0.005549949545913219
    ],
    [
      0.0,
      0.0,
      0.0,
      0.0,
      0.0,
      0.0,
      0.0,
      0.0,
      0.0,
      0.0,
      0.0,
      0.0,
      0.0,
      0.0,
      0.0,
      0.0,
      0.0,
      0.0,
      0.0,
      0.0,
      0.0,
      0.0,
      0.0,
      0.0,
      0.0,
      0.0,
      0.0,
      0.0,
      0.0,
      0.0,
      0.0,
      0.0
    ],
    [
      0.0,
      0.0,
      0.0,
      0.0,
      0.0,
      0.0,
      0.0020181634712411706,
      0.0,
      0.0,
      0.0,
      0.0,
      0.0,
      0.0,
      0.0,
      0.0,
      0.0,
      0.0,
      0.0,
      0.0,
      0.0,
      0.0,
      0.0,
      0.0,
      0.0,
      0.0,
      0.0,
      0.021695257315842584,
      0.0,
      0.0,
      0.0,
      0.0,
      0.04591321897073663
    ],
    [
      0.0,
      0.0,
      0.0,
      0.0,
      0.0,
      0.0,
      0.0,
      0.0,
      0.0,
      0.0,
      0.0,
      0.0,
      0.0005045408678102926,
      0.0,
      0.0,
      0.0,
      0.0,
      0.0,
      0.0,
      0.0,
      0.0,
      0.0,
      0.0,
      0.0,
      0.0,
      0.0,
      0.0,
      0.0,
      0.0,
      0.0,
      0.0,
      0.0
    ],
    [
      0.0,
      0.0,
      0.0,
      0.0,
      0.0,
      0.0,
      0.0,
      0.0025227043390514633,
      0.0,
      0.0,
      0.0,
      0.0,
      0.0,
      0.0,
      0.0,
      0.0,
      0.0,
      0.0,
      0.0,
      0.0,
      0.0,
      0.0,
      0.0,
      0.0,
      0.0,
      0.0015136226034308778,
      0.0,
      0.0,
      0.0,
      0.0,
      0.0,
      0.0
    ],
    [
      0.0,
      0.0015136226034308778,
      0.0,
      0.0,
      0.0,
      0.0,
      0.0,
      0.0,
      0.0,
      0.08173562058526741,
      0.0,
      0.008072653884964682,
      0.045408678102926335,
      0.0,
      0.0,
      0.01160443995963673,
      0.0,
      0.27648839556004035,
      0.0035317860746720484,
      0.0,
      0.01866801210898083,
      0.0,
      0.0,
      0.0,
      0.0,
      0.0,
      0.0,
      0.0,
      0.0005045408678102926,
      0.0,
      0.01917255297679112,
      0.0030272452068617556
    ],
    [
      0.0025227043390514633,
      0.0,
      0.0,
      0.0,
      0.16296670030272453,
      0.0005045408678102926,
      0.07214934409687185,
      0.0,
      0.0020181634712411706,
      0.0,
      0.0,
      0.0,
      0.02320887991927346,
      0.05146316851664985,
      0.0075681130171543895,
      0.0,
      0.0,
      0.0,
      0.0,
      0.0,
      0.0,
      0.0035317860746720484,
      0.0,
      0.0,
      0.0,
      0.0,
      0.0,
      0.0,
      0.0020181634712411706,
      0.016145307769929364,
      0.0,
      0.025227043390514632
    ],
    [
      0.0,
      0.0,
      0.0,
      0.0005045408678102926,
      0.0005045408678102926,
      0.016145307769929364,
      0.25731584258324924,
      0.0,
      0.0,
      0.0,
      0.0,
      0.0,
      0.0,
      0.0075681130171543895,
      0.0,
      0.0,
      0.0,
      0.0005045408678102926,
      0.0005045408678102926,
      0.0,
      0.0,
      0.0,
      0.23208879919273462,
      0.0,
      0.0015136226034308778,
      0.5418768920282543,
      0.037840565085771945,
      0.0015136226034308778,
      0.0,
      0.0,
      0.0,
      0.05953582240161453
    ],
    [
      0.0,
      0.0,
      0.006559031281533804,
      0.0,
      0.0,
      0.0,
      0.0,
      0.0005045408678102926,
      0.36781029263370335,
      0.0,
      0.025731584258324926,
      0.0010090817356205853,
      0.014631685166498487,
      0.0,
      0.0,
      0.0,
      0.0,
      0.0020181634712411706,
      0.006054490413723511,
      0.0,
      0.0020181634712411706,
      0.0,
      0.0,
      0.06861755802219979,
      0.0,
      0.0075681130171543895,
      0.0,
      0.0,
      0.0,
      0.0,
      0.14682139253279516,
      0.0005045408678102926
    ],
    [
      0.0,
      0.0,
      0.013118062563067608,
      0.0,
      0.009081735620585268,
      0.0,
      0.0020181634712411706,
      0.0015136226034308778,
      0.0,
      0.0,
      0.004036326942482341,
      0.005549949545913219,
      0.0035317860746720484,
      0.0010090817356205853,
      0.04994954591321897,
      0.0005045408678102926,
      0.0,
      0.0,
      0.03582240161453078,
      0.0,
      0.03632694248234107,
      0.0005045408678102926,
      0.0,
      0.0,
      0.005045408678102927,
      0.0,
      0.0005045408678102926,
      0.0025227043390514633,
      0.0,
      0.2593340060544904,
      0.007063572149344097,
      0.0
    ],
    [
      0.0,
      0.005549949545913219,
      0.03985872855701312,
      0.0,
      0.00958627648839556,
      0.0,
      0.0,
      0.1170534813319879,
      0.0025227043390514633,
      0.013622603430877902,
      0.0,
      0.0035317860746720484,
      0.0,
      0.0,
      0.15237134207870837,
      0.1094853683148335,
      0.0005045408678102926,
      0.313824419778002,
      0.0,
      0.029767911200807264,
      0.0,
      0.0,
      0.012613521695257316,
      0.0,
      0.0,
      0.0,
      0.01866801210898083,
      0.0,
      0.0,
      0.0,
      0.1846619576185671,
      0.0025227043390514633
    ],
    [
      0.0,
      0.0015136226034308778,
      0.0,
      0.0,
      0.08173562058526741,
      0.0,
      0.0,
      0.0,
      0.0,
      0.007063572149344097,
      0.0020181634712411706,
      0.008577194752774974,
      0.0,
      0.04641775983854692,
      0.0035317860746720484,
      0.0,
      0.248234106962664,
      0.0,
      0.0,
      0.0,
      0.0,
      0.0010090817356205853,
      0.0,
      0.0,
      0.0,
      0.07669021190716448,
      0.015136226034308779,
      0.0,
      0.006559031281533804,
      0.0,
      0.0,
      0.0
    ],
    [
      0.0,
      0.0,
      0.03229061553985873,
      0.0,
      0.0020181634712411706,
      0.0,
      0.0,
      0.0,
      0.0010090817356205853,
      0.02320887991927346,
      0.0005045408678102926,
      0.040867810292633706,
      0.0,
      0.0005045408678102926,
      0.0,
      0.0,
      0.0,
      0.0,
      0.005045408678102927,
      0.0025227043390514633,
      0.0,
      0.0005045408678102926,
      0.0,
      0.062058526740666,
      0.0,
      0.0,
      0.0,
